{
	"credit": "Made with Blockbench",
	"texture_size": [32, 32],
	"textures": {
		"0": "item/custom_textures/cyberaxetexture",
		"particle": "item/custom_textures/cyberaxetexture"
	},
	"elements": [
		{
			"from": [6, 0, 7],
			"to": [8, 25, 9],
			"faces": {
				"north": {"uv": [0, 0, 1, 12.5], "texture": "#0"},
				"east": {"uv": [1, 0, 2, 12.5], "texture": "#0"},
				"south": {"uv": [2, 0, 3, 12.5], "texture": "#0"},
				"west": {"uv": [3, 0, 4, 12.5], "texture": "#0"},
				"up": {"uv": [8, 12, 7, 11], "texture": "#0"},
				"down": {"uv": [12, 7.5, 11, 8.5], "texture": "#0"}
			}
		},
		{
			"from": [6, -5, 7],
			"to": [8, -3, 9],
			"faces": {
				"north": {"uv": [11, 8.5, 12, 9.5], "texture": "#0"},
				"east": {"uv": [11, 9.5, 12, 10.5], "texture": "#0"},
				"south": {"uv": [11, 10.5, 12, 11.5], "texture": "#0"},
				"west": {"uv": [11, 11.5, 12, 12.5], "texture": "#0"},
				"up": {"uv": [13, 1, 12, 0], "texture": "#0"},
				"down": {"uv": [13, 1, 12, 2], "texture": "#0"}
			}
		},
		{
			"from": [6, 28, 7],
			"to": [8, 30, 9],
			"faces": {
				"north": {"uv": [12, 2, 13, 3], "texture": "#0"},
				"east": {"uv": [12, 3, 13, 4], "texture": "#0"},
				"south": {"uv": [12, 4, 13, 5], "texture": "#0"},
				"west": {"uv": [12, 5, 13, 6], "texture": "#0"},
				"up": {"uv": [13, 7, 12, 6], "texture": "#0"},
				"down": {"uv": [8, 12, 7, 13], "texture": "#0"}
			}
		},
		{
			"from": [5, -3, 6],
			"to": [9, 0, 10],
			"faces": {
				"north": {"uv": [6, 2, 8, 3.5], "texture": "#0"},
				"east": {"uv": [6, 3.5, 8, 5], "texture": "#0"},
				"south": {"uv": [4, 6, 6, 7.5], "texture": "#0"},
				"west": {"uv": [6, 5, 8, 6.5], "texture": "#0"},
				"up": {"uv": [6, 2, 4, 0], "texture": "#0"},
				"down": {"uv": [6, 2, 4, 4], "texture": "#0"}
			}
		},
		{
			"from": [6, -2.34881, 2.72627],
			"to": [8, 0.65119, 6.72627],
			"rotation": {"angle": 22.5, "axis": "x", "origin": [7, -0.84881, 4.72627]},
			"faces": {
				"north": {"uv": [8, 10.5, 9, 12], "texture": "#0"},
				"east": {"uv": [6, 6.5, 8, 8], "texture": "#0"},
				"south": {"uv": [9, 10.5, 10, 12], "texture": "#0"},
				"west": {"uv": [4, 7.5, 6, 9], "texture": "#0"},
				"up": {"uv": [11, 2, 10, 0], "texture": "#0"},
				"down": {"uv": [11, 2, 10, 4], "texture": "#0"}
			}
		},
		{
			"from": [6, -1.34881, 0.72627],
			"to": [8, -0.34881, 2.72627],
			"rotation": {"angle": 22.5, "axis": "x", "origin": [7, -0.84881, 4.72627]},
			"faces": {
				"north": {"uv": [11, 12.5, 12, 13], "texture": "#0"},
				"east": {"uv": [13, 0, 14, 0.5], "texture": "#0"},
				"south": {"uv": [13, 0.5, 14, 1], "texture": "#0"},
				"west": {"uv": [13, 1, 14, 1.5], "texture": "#0"},
				"up": {"uv": [13, 8, 12, 7], "texture": "#0"},
				"down": {"uv": [9, 12, 8, 13], "texture": "#0"}
			}
		},
		{
			"from": [6, -2.34881, 9.27373],
			"to": [8, 0.65119, 13.27373],
			"rotation": {"angle": -22.5, "axis": "x", "origin": [7, -0.84881, 11.27373]},
			"faces": {
				"north": {"uv": [11, 0, 12, 1.5], "texture": "#0"},
				"east": {"uv": [8, 0, 10, 1.5], "texture": "#0"},
				"south": {"uv": [11, 1.5, 12, 3], "texture": "#0"},
				"west": {"uv": [8, 1.5, 10, 3], "texture": "#0"},
				"up": {"uv": [11, 6, 10, 4], "texture": "#0"},
				"down": {"uv": [11, 6, 10, 8], "texture": "#0"}
			}
		},
		{
			"from": [6, -1.34881, 13.27373],
			"to": [8, -0.34881, 15.27373],
			"rotation": {"angle": -22.5, "axis": "x", "origin": [7, -0.84881, 11.27373]},
			"faces": {
				"north": {"uv": [13, 1.5, 14, 2], "texture": "#0"},
				"east": {"uv": [13, 2, 14, 2.5], "texture": "#0"},
				"south": {"uv": [13, 2.5, 14, 3], "texture": "#0"},
				"west": {"uv": [13, 3, 14, 3.5], "texture": "#0"},
				"up": {"uv": [13, 9, 12, 8], "texture": "#0"},
				"down": {"uv": [10, 12, 9, 13], "texture": "#0"}
			}
		},
		{
			"from": [5, 25, 6],
			"to": [9, 28, 10],
			"faces": {
				"north": {"uv": [8, 3, 10, 4.5], "texture": "#0"},
				"east": {"uv": [8, 4.5, 10, 6], "texture": "#0"},
				"south": {"uv": [6, 8, 8, 9.5], "texture": "#0"},
				"west": {"uv": [8, 6, 10, 7.5], "texture": "#0"},
				"up": {"uv": [6, 6, 4, 4], "texture": "#0"},
				"down": {"uv": [8, 0, 6, 2], "texture": "#0"}
			}
		},
		{
			"from": [6, 24.34881, 9.27373],
			"to": [8, 27.34881, 13.27373],
			"rotation": {"angle": 22.5, "axis": "x", "origin": [7, 25.84881, 11.27373]},
			"faces": {
				"north": {"uv": [11, 3, 12, 4.5], "texture": "#0"},
				"east": {"uv": [8, 7.5, 10, 9], "texture": "#0"},
				"south": {"uv": [11, 4.5, 12, 6], "texture": "#0"},
				"west": {"uv": [4, 9, 6, 10.5], "texture": "#0"},
				"up": {"uv": [11, 10, 10, 8], "texture": "#0"},
				"down": {"uv": [11, 10, 10, 12], "texture": "#0"}
			}
		},
		{
			"from": [6, 25.34881, 13.27373],
			"to": [8, 26.34881, 15.27373],
			"rotation": {"angle": 22.5, "axis": "x", "origin": [7, 25.84881, 11.27373]},
			"faces": {
				"north": {"uv": [13, 3.5, 14, 4], "texture": "#0"},
				"east": {"uv": [13, 4, 14, 4.5], "texture": "#0"},
				"south": {"uv": [13, 4.5, 14, 5], "texture": "#0"},
				"west": {"uv": [13, 5, 14, 5.5], "texture": "#0"},
				"up": {"uv": [13, 10, 12, 9], "texture": "#0"},
				"down": {"uv": [11, 12, 10, 13], "texture": "#0"}
			}
		},
		{
			"from": [6, 24.34881, 2.72627],
			"to": [8, 27.34881, 6.72627],
			"rotation": {"angle": -22.5, "axis": "x", "origin": [7, 25.84881, 4.72627]},
			"faces": {
				"north": {"uv": [6, 11, 7, 12.5], "texture": "#0"},
				"east": {"uv": [8, 9, 10, 10.5], "texture": "#0"},
				"south": {"uv": [11, 6, 12, 7.5], "texture": "#0"},
				"west": {"uv": [6, 9.5, 8, 11], "texture": "#0"},
				"up": {"uv": [5, 12.5, 4, 10.5], "texture": "#0"},
				"down": {"uv": [6, 10.5, 5, 12.5], "texture": "#0"}
			}
		},
		{
			"from": [6, 25.34881, 0.72627],
			"to": [8, 26.34881, 2.72627],
			"rotation": {"angle": -22.5, "axis": "x", "origin": [7, 25.84881, 4.72627]},
			"faces": {
				"north": {"uv": [13, 5.5, 14, 6], "texture": "#0"},
				"east": {"uv": [13, 6, 14, 6.5], "texture": "#0"},
				"south": {"uv": [13, 6.5, 14, 7], "texture": "#0"},
				"west": {"uv": [7, 13, 8, 13.5], "texture": "#0"},
				"up": {"uv": [13, 11, 12, 10], "texture": "#0"},
				"down": {"uv": [13, 11, 12, 12], "texture": "#0"}
			}
		},
		{
			"from": [5, 5, 7],
			"to": [6, 7, 9],
			"rotation": {"angle": 45, "axis": "x", "origin": [5.5, 6, 8]},
			"faces": {
				"north": {"uv": [13, 7, 13.5, 8], "texture": "#0"},
				"east": {"uv": [12, 12, 13, 13], "texture": "#0"},
				"south": {"uv": [8, 13, 8.5, 14], "texture": "#0"},
				"west": {"uv": [0, 12.5, 1, 13.5], "texture": "#0"},
				"up": {"uv": [13.5, 9, 13, 8], "texture": "#0"},
				"down": {"uv": [9, 13, 8.5, 14], "texture": "#0"}
			}
		},
		{
			"from": [5, 13, -1],
			"to": [6, 15, 1],
			"shade": false,
			"rotation": {"angle": 45, "axis": "x", "origin": [5.5, 6, 8]},
			"faces": {
				"north": {"uv": [9, 13, 9.5, 14], "texture": "#0"},
				"east": {"uv": [1, 12.5, 2, 13.5], "texture": "#0"},
				"south": {"uv": [13, 9, 13.5, 10], "texture": "#0"},
				"west": {"uv": [2, 12.5, 3, 13.5], "texture": "#0"},
				"up": {"uv": [10, 14, 9.5, 13], "texture": "#0"},
				"down": {"uv": [10.5, 13, 10, 14], "texture": "#0"}
			}
		},
		{
			"from": [8, 5, 7],
			"to": [9, 7, 9],
			"rotation": {"angle": -45, "axis": "x", "origin": [8.5, 6, 8]},
			"faces": {
				"north": {"uv": [13, 10, 13.5, 11], "texture": "#0"},
				"east": {"uv": [3, 12.5, 4, 13.5], "texture": "#0"},
				"south": {"uv": [10.5, 13, 11, 14], "texture": "#0"},
				"west": {"uv": [4, 12.5, 5, 13.5], "texture": "#0"},
				"up": {"uv": [11.5, 14, 11, 13], "texture": "#0"},
				"down": {"uv": [13.5, 11, 13, 12], "texture": "#0"}
			}
		},
		{
			"from": [8, 13, 15],
			"to": [9, 15, 17],
			"rotation": {"angle": -45, "axis": "x", "origin": [8.5, 6, 8]},
			"faces": {
				"north": {"uv": [11.5, 13, 12, 14], "texture": "#0"},
				"east": {"uv": [5, 12.5, 6, 13.5], "texture": "#0"},
				"south": {"uv": [12, 13, 12.5, 14], "texture": "#0"},
				"west": {"uv": [6, 12.5, 7, 13.5], "texture": "#0"},
				"up": {"uv": [13.5, 13, 13, 12], "texture": "#0"},
				"down": {"uv": [13, 13, 12.5, 14], "texture": "#0"}
			}
		}
	],
	"display": {
		"thirdperson_righthand": {
			"translation": [0, -3.75, 0],
			"scale": [0.49, 0.49, 0.49]
		},
		"thirdperson_lefthand": {
			"translation": [0, -3.75, 0],
			"scale": [0.49, 0.49, 0.49]
		},
		"firstperson_righthand": {
			"translation": [0, -3.75, 0]
		},
		"firstperson_lefthand": {
			"translation": [0, -3.75, 0]
		},
		"ground": {
			"rotation": [11.44, -10.69, -86.28],
			"translation": [0, -3, 0],
			"scale": [0.49, 0.49, 0.49]
		},
		"gui": {
			"rotation": [84.87, 38.9, -86.76],
			"translation": [-1, -1.5, 0],
			"scale": [0.49, 0.49, 0.49]
		},
		"head": {
			"rotation": [0, 0, 89],
			"translation": [3.5, 10, 0]
		},
		"fixed": {
			"rotation": [-88.6, 45.47, 89.01],
			"translation": [1.25, -1.25, 0],
			"scale": [0.49, 0.49, 0.49]
		}
	},
	"groups": [
		{
			"name": "group",
			"origin": [8, 8, 8],
			"color": 0,
			"children": [0, 1, 2, 3, 4, 5, 6, 7, 8, 9, 10, 11, 12, 13, 14, 15, 16]
		}
	]
}