{
	"credit": "Made with Blockbench",
	"texture_size": [64, 64],
	"textures": {
		"0": "item/custom_textures/swordtexture2",
		"particle": "item/custom_textures/swordtexture2"
	},
	"elements": [
		{
			"from": [7, 26, 8],
			"to": [9, 30, 10],
			"rotation": {"angle": 45, "axis": "z", "origin": [8, 29, 9]},
			"faces": {
				"north": {"uv": [0, 7.5, 0.5, 8.5], "texture": "#0"},
				"east": {"uv": [5.75, 7.5, 6.25, 8.5], "texture": "#0"},
				"south": {"uv": [6.25, 7.5, 6.75, 8.5], "texture": "#0"},
				"west": {"uv": [7.75, 4, 8.25, 5], "texture": "#0"},
				"up": {"uv": [0.5, 9, 0, 8.5], "texture": "#0"},
				"down": {"uv": [3.5, 8.5, 3, 9], "texture": "#0"}
			}
		},
		{
			"from": [10.87868, 13.46447, 8],
			"to": [12.87868, 25.46447, 10],
			"rotation": {"angle": 0, "axis": "z", "origin": [11.87868, 24.46447, 9]},
			"faces": {
				"north": {"uv": [4.25, 3.5, 4.75, 6.5], "texture": "#0"},
				"east": {"uv": [4.75, 3.5, 5.25, 6.5], "texture": "#0"},
				"south": {"uv": [5.25, 3.5, 5.75, 6.5], "texture": "#0"},
				"west": {"uv": [5.75, 3.5, 6.25, 6.5], "texture": "#0"},
				"up": {"uv": [8.5, 9, 8, 8.5], "texture": "#0"},
				"down": {"uv": [9, 8.5, 8.5, 9], "texture": "#0"}
			}
		},
		{
			"from": [8.87868, 13.46447, 8],
			"to": [10.87868, 26.46447, 10],
			"rotation": {"angle": 0, "axis": "z", "origin": [11.87868, 24.46447, 9]},
			"faces": {
				"north": {"uv": [0.5, 4, 1, 7.25], "texture": "#0"},
				"east": {"uv": [1, 4, 1.5, 7.25], "texture": "#0"},
				"south": {"uv": [1.5, 4, 2, 7.25], "texture": "#0"},
				"west": {"uv": [2, 4, 2.5, 7.25], "texture": "#0"},
				"up": {"uv": [9.25, 7.5, 8.75, 7], "texture": "#0"},
				"down": {"uv": [9.25, 7.5, 8.75, 8], "texture": "#0"}
			}
		},
		{
			"from": [6.87868, 13.46447, 8],
			"to": [9.87868, 27.46447, 10],
			"rotation": {"angle": 0, "axis": "z", "origin": [11.87868, 24.46447, 9]},
			"faces": {
				"north": {"uv": [0, 0, 0.75, 3.5], "texture": "#0"},
				"east": {"uv": [3.75, 3.5, 4.25, 7], "texture": "#0"},
				"south": {"uv": [0.75, 0, 1.5, 3.5], "texture": "#0"},
				"west": {"uv": [0, 4, 0.5, 7.5], "texture": "#0"},
				"up": {"uv": [2.25, 9, 1.5, 8.5], "texture": "#0"},
				"down": {"uv": [3, 8.5, 2.25, 9], "texture": "#0"}
			}
		},
		{
			"from": [4.87868, 13.46447, 8],
			"to": [7.87868, 26.46447, 10],
			"rotation": {"angle": 0, "axis": "z", "origin": [11.87868, 24.46447, 9]},
			"faces": {
				"north": {"uv": [1.5, 0, 2.25, 3.25], "texture": "#0"},
				"east": {"uv": [2.5, 4, 3, 7.25], "texture": "#0"},
				"south": {"uv": [2.25, 0, 3, 3.25], "texture": "#0"},
				"west": {"uv": [3, 4, 3.5, 7.25], "texture": "#0"},
				"up": {"uv": [6.5, 9, 5.75, 8.5], "texture": "#0"},
				"down": {"uv": [8, 8.5, 7.25, 9], "texture": "#0"}
			}
		},
		{
			"from": [3.05025, 13.46447, 8],
			"to": [5.05025, 25.46447, 10],
			"rotation": {"angle": 0, "axis": "z", "origin": [16.05025, 24.46447, 9]},
			"faces": {
				"north": {"uv": [6.25, 3.5, 6.75, 6.5], "texture": "#0"},
				"east": {"uv": [4.25, 6.5, 4.75, 9.5], "texture": "#0"},
				"south": {"uv": [4.75, 6.5, 5.25, 9.5], "texture": "#0"},
				"west": {"uv": [5.25, 6.5, 5.75, 9.5], "texture": "#0"},
				"up": {"uv": [0.5, 9.5, 0, 9], "texture": "#0"},
				"down": {"uv": [9.5, 0, 9, 0.5], "texture": "#0"}
			}
		},
		{
			"from": [3.46447, 24.46447, 8],
			"to": [5.46447, 29.46447, 10],
			"rotation": {"angle": -45, "axis": "z", "origin": [4.46447, 25.46447, 9]},
			"faces": {
				"north": {"uv": [1.5, 7.25, 2, 8.5], "texture": "#0"},
				"east": {"uv": [2, 7.25, 2.5, 8.5], "texture": "#0"},
				"south": {"uv": [2.5, 7.25, 3, 8.5], "texture": "#0"},
				"west": {"uv": [3, 7.25, 3.5, 8.5], "texture": "#0"},
				"up": {"uv": [9.5, 1, 9, 0.5], "texture": "#0"},
				"down": {"uv": [9.5, 1, 9, 1.5], "texture": "#0"}
			}
		},
		{
			"from": [10.46447, 24.46447, 8],
			"to": [12.46447, 29.46447, 10],
			"rotation": {"angle": 45, "axis": "z", "origin": [11.46447, 25.46447, 8]},
			"faces": {
				"north": {"uv": [7.25, 3, 7.75, 4.25], "texture": "#0"},
				"east": {"uv": [7.25, 4.25, 7.75, 5.5], "texture": "#0"},
				"south": {"uv": [7.25, 5.5, 7.75, 6.75], "texture": "#0"},
				"west": {"uv": [7.25, 6.75, 7.75, 8], "texture": "#0"},
				"up": {"uv": [2, 9.5, 1.5, 9], "texture": "#0"},
				"down": {"uv": [9.5, 1.5, 9, 2], "texture": "#0"}
			}
		},
		{
			"from": [6, -1, 8],
			"to": [10, 3, 10],
			"rotation": {"angle": -45, "axis": "z", "origin": [8, 1, 9]},
			"faces": {
				"north": {"uv": [5.75, 6.5, 6.75, 7.5], "texture": "#0"},
				"east": {"uv": [7.75, 5, 8.25, 6], "texture": "#0"},
				"south": {"uv": [6.75, 0, 7.75, 1], "texture": "#0"},
				"west": {"uv": [7.75, 6, 8.25, 7], "texture": "#0"},
				"up": {"uv": [8.75, 7.5, 7.75, 7], "texture": "#0"},
				"down": {"uv": [8.75, 7.5, 7.75, 8], "texture": "#0"}
			}
		},
		{
			"from": [5.94975, 1.94975, 8],
			"to": [7.94975, 9.94975, 10],
			"rotation": {"angle": 0, "axis": "z", "origin": [12.94975, 5.94975, 9]},
			"faces": {
				"north": {"uv": [6.75, 1, 7.25, 3], "texture": "#0"},
				"east": {"uv": [6.75, 3, 7.25, 5], "texture": "#0"},
				"south": {"uv": [6.75, 5, 7.25, 7], "texture": "#0"},
				"west": {"uv": [3.5, 7, 4, 9], "texture": "#0"},
				"up": {"uv": [2.5, 9.5, 2, 9], "texture": "#0"},
				"down": {"uv": [9.5, 2, 9, 2.5], "texture": "#0"}
			}
		},
		{
			"from": [7.94975, 1.94975, 8],
			"to": [9.94975, 9.94975, 10],
			"rotation": {"angle": 0, "axis": "z", "origin": [12.94975, 5.94975, 9]},
			"faces": {
				"north": {"uv": [6.75, 7, 7.25, 9], "texture": "#0"},
				"east": {"uv": [0.5, 7.25, 1, 9.25], "texture": "#0"},
				"south": {"uv": [1, 7.25, 1.5, 9.25], "texture": "#0"},
				"west": {"uv": [7.25, 1, 7.75, 3], "texture": "#0"},
				"up": {"uv": [3, 9.5, 2.5, 9], "texture": "#0"},
				"down": {"uv": [9.5, 2.5, 9, 3], "texture": "#0"}
			}
		},
		{
			"from": [17.43929, 9.44767, 8],
			"to": [21.43929, 11.44767, 10],
			"rotation": {"angle": 22.5, "axis": "z", "origin": [16.43929, 4.44767, 9]},
			"faces": {
				"north": {"uv": [7.25, 8, 8.25, 8.5], "texture": "#0"},
				"east": {"uv": [3, 9, 3.5, 9.5], "texture": "#0"},
				"south": {"uv": [8.25, 4, 9.25, 4.5], "texture": "#0"},
				"west": {"uv": [9, 3, 9.5, 3.5], "texture": "#0"},
				"up": {"uv": [9.25, 5, 8.25, 4.5], "texture": "#0"},
				"down": {"uv": [9.25, 5, 8.25, 5.5], "texture": "#0"}
			}
		},
		{
			"from": [17.43929, 11.44767, 8],
			"to": [22.43929, 13.44767, 10],
			"rotation": {"angle": 22.5, "axis": "z", "origin": [16.43929, 4.44767, 9]},
			"faces": {
				"north": {"uv": [7.75, 0, 9, 0.5], "texture": "#0"},
				"east": {"uv": [3.5, 9, 4, 9.5], "texture": "#0"},
				"south": {"uv": [7.75, 0.5, 9, 1], "texture": "#0"},
				"west": {"uv": [9, 3.5, 9.5, 4], "texture": "#0"},
				"up": {"uv": [9, 1.5, 7.75, 1], "texture": "#0"},
				"down": {"uv": [9, 1.5, 7.75, 2], "texture": "#0"}
			}
		},
		{
			"from": [-3.01533, 10.13899, 8],
			"to": [0.98467, 12.13899, 10],
			"rotation": {"angle": -22.5, "axis": "z", "origin": [-1.01533, 11.13899, 9]},
			"faces": {
				"north": {"uv": [8.25, 5.5, 9.25, 6], "texture": "#0"},
				"east": {"uv": [5.75, 9, 6.25, 9.5], "texture": "#0"},
				"south": {"uv": [8.25, 6, 9.25, 6.5], "texture": "#0"},
				"west": {"uv": [6.25, 9, 6.75, 9.5], "texture": "#0"},
				"up": {"uv": [9.25, 7, 8.25, 6.5], "texture": "#0"},
				"down": {"uv": [9.25, 8, 8.25, 8.5], "texture": "#0"}
			}
		},
		{
			"from": [-4.01533, 12.13899, 8],
			"to": [0.98467, 14.13899, 10],
			"rotation": {"angle": -22.5, "axis": "z", "origin": [-1.01533, 11.13899, 9]},
			"faces": {
				"north": {"uv": [7.75, 2, 9, 2.5], "texture": "#0"},
				"east": {"uv": [6.75, 9, 7.25, 9.5], "texture": "#0"},
				"south": {"uv": [7.75, 2.5, 9, 3], "texture": "#0"},
				"west": {"uv": [7.25, 9, 7.75, 9.5], "texture": "#0"},
				"up": {"uv": [9, 3.5, 7.75, 3], "texture": "#0"},
				"down": {"uv": [9, 3.5, 7.75, 4], "texture": "#0"}
			}
		},
		{
			"from": [0.44975, 9.44975, 8],
			"to": [15.44975, 11.44975, 10],
			"rotation": {"angle": 0, "axis": "z", "origin": [7.94975, 6.44975, 9]},
			"faces": {
				"north": {"uv": [3, 0, 6.75, 0.5], "texture": "#0"},
				"east": {"uv": [7.75, 9, 8.25, 9.5], "texture": "#0"},
				"south": {"uv": [3, 0.5, 6.75, 1], "texture": "#0"},
				"west": {"uv": [8.25, 9, 8.75, 9.5], "texture": "#0"},
				"up": {"uv": [6.75, 1.5, 3, 1], "texture": "#0"},
				"down": {"uv": [6.75, 1.5, 3, 2], "texture": "#0"}
			}
		},
		{
			"from": [0.44975, 11.44975, 8],
			"to": [15.44975, 13.44975, 10],
			"rotation": {"angle": 0, "axis": "z", "origin": [7.94975, 6.44975, 9]},
			"faces": {
				"north": {"uv": [3, 2, 6.75, 2.5], "texture": "#0"},
				"east": {"uv": [9, 8.5, 9.5, 9], "texture": "#0"},
				"south": {"uv": [3, 2.5, 6.75, 3], "texture": "#0"},
				"west": {"uv": [8.75, 9, 9.25, 9.5], "texture": "#0"},
				"up": {"uv": [6.75, 3.5, 3, 3], "texture": "#0"},
				"down": {"uv": [3.75, 3.5, 0, 4], "texture": "#0"}
			}
		}
	],
	"display": {
		"thirdperson_righthand": {
			"rotation": [0, 90, 0],
			"translation": [-1.25, 0, 0],
			"scale": [0.49, 0.49, 0.49]
		},
		"thirdperson_lefthand": {
			"rotation": [0, 90, 0],
			"translation": [-1.25, 0, 0],
			"scale": [0.49, 0.49, 0.49]
		},
		"firstperson_righthand": {
			"rotation": [0, 90, 0],
			"scale": [0.49, 0.49, 0.49]
		},
		"firstperson_lefthand": {
			"rotation": [0, 90, 0],
			"scale": [0.49, 0.49, 0.49]
		},
		"ground": {
			"rotation": [-91.23, -1.95, 99.88],
			"translation": [0, -4.5, 0],
			"scale": [0.49, 0.49, 0.49]
		},
		"gui": {
			"rotation": [0, 0, -43.25],
			"translation": [-1, -2.25, 0],
			"scale": [0.49, 0.49, 0.49]
		},
		"head": {
			"translation": [0, 11.5, 0],
			"scale": [0.49, 0.49, 0.49]
		},
		"fixed": {
			"rotation": [0, 0, 51.5],
			"translation": [1.75, -2, 0],
			"scale": [0.49, 0.49, 0.49]
		}
	},
	"groups": [
		{
			"name": "sword",
			"origin": [8, 8, 8],
			"color": 0,
			"children": [0, 1, 2, 3, 4, 5, 6, 7, 8, 9, 10, 11, 12, 13, 14, 15, 16]
		}
	]
}