{
	"credit": "Made with Blockbench",
	"texture_size": [32, 32],
	"textures": {
		"0": "item/custom_textures/swordtexture",
		"particle": "item/custom_textures/swordtexture"
	},
	"elements": [
		{
			"from": [7.17157, 1.82843, 7],
			"to": [9.17157, 10.82843, 9],
			"rotation": {"angle": 0, "axis": "z", "origin": [4.17157, 4.82843, 8]},
			"faces": {
				"north": {"uv": [0, 6.5, 1, 11], "texture": "#0"},
				"east": {"uv": [1, 6.5, 2, 11], "texture": "#0"},
				"south": {"uv": [2, 6.5, 3, 11], "texture": "#0"},
				"west": {"uv": [3, 6.5, 4, 11], "texture": "#0"},
				"up": {"uv": [2.5, 12, 1.5, 11], "texture": "#0"},
				"down": {"uv": [12, 2, 11, 3], "texture": "#0"}
			}
		},
		{
			"from": [7.17157, 1.82843, 7],
			"to": [9.17157, 10.82843, 9],
			"rotation": {"angle": 0, "axis": "z", "origin": [4.17157, 4.82843, 8]},
			"faces": {
				"north": {"uv": [4, 6.5, 5, 11], "texture": "#0"},
				"east": {"uv": [5, 6.5, 6, 11], "texture": "#0"},
				"south": {"uv": [6, 6.5, 7, 11], "texture": "#0"},
				"west": {"uv": [7, 6.5, 8, 11], "texture": "#0"},
				"up": {"uv": [3.5, 12, 2.5, 11], "texture": "#0"},
				"down": {"uv": [12, 3, 11, 4], "texture": "#0"}
			}
		},
		{
			"from": [6.17157, 11.82843, 7],
			"to": [10.17157, 22.82843, 9],
			"rotation": {"angle": 0, "axis": "z", "origin": [4.17157, 4.82843, 8]},
			"faces": {
				"north": {"uv": [0, 0, 2, 5.5], "texture": "#0"},
				"east": {"uv": [4, 0, 5, 5.5], "texture": "#0"},
				"south": {"uv": [2, 0, 4, 5.5], "texture": "#0"},
				"west": {"uv": [5, 0, 6, 5.5], "texture": "#0"},
				"up": {"uv": [9.5, 3, 7.5, 2], "texture": "#0"},
				"down": {"uv": [9.5, 3, 7.5, 4], "texture": "#0"}
			}
		},
		{
			"from": [6.17157, -0.17157, 7],
			"to": [9.17157, 2.82843, 9],
			"rotation": {"angle": 45, "axis": "z", "origin": [8.17157, 1.82843, 8]},
			"faces": {
				"north": {"uv": [6, 2, 7.5, 3.5], "texture": "#0"},
				"east": {"uv": [7.5, 4, 8.5, 5.5], "texture": "#0"},
				"south": {"uv": [6, 3.5, 7.5, 5], "texture": "#0"},
				"west": {"uv": [8, 6.5, 9, 8], "texture": "#0"},
				"up": {"uv": [9.5, 9, 8, 8], "texture": "#0"},
				"down": {"uv": [10, 4, 8.5, 5], "texture": "#0"}
			}
		},
		{
			"from": [7.17157, 0.82843, 6],
			"to": [8.17157, 1.82843, 10],
			"rotation": {"angle": 45, "axis": "z", "origin": [8.17157, 1.82843, 8]},
			"faces": {
				"north": {"uv": [6, 5, 6.5, 5.5], "texture": "#0"},
				"east": {"uv": [8.5, 5, 10.5, 5.5], "texture": "#0"},
				"south": {"uv": [6.5, 5, 7, 5.5], "texture": "#0"},
				"west": {"uv": [10.5, 5, 12.5, 5.5], "texture": "#0"},
				"up": {"uv": [4, 13, 3.5, 11], "texture": "#0"},
				"down": {"uv": [4.5, 11, 4, 13], "texture": "#0"}
			}
		},
		{
			"from": [21.17157, 15.82843, 7],
			"to": [24.17157, 17.82843, 9],
			"rotation": {"angle": 45, "axis": "z", "origin": [8.17157, 1.82843, 8]},
			"faces": {
				"north": {"uv": [9, 6.5, 10.5, 7.5], "texture": "#0"},
				"east": {"uv": [4.5, 11, 5.5, 12], "texture": "#0"},
				"south": {"uv": [8, 9, 9.5, 10], "texture": "#0"},
				"west": {"uv": [5.5, 11, 6.5, 12], "texture": "#0"},
				"up": {"uv": [11, 3, 9.5, 2], "texture": "#0"},
				"down": {"uv": [11, 3, 9.5, 4], "texture": "#0"}
			}
		},
		{
			"from": [22.17157, 14.82843, 7],
			"to": [24.17157, 16.82843, 9],
			"rotation": {"angle": 45, "axis": "z", "origin": [8.17157, 1.82843, 8]},
			"faces": {
				"north": {"uv": [11, 5.5, 12, 6.5], "texture": "#0"},
				"east": {"uv": [6.5, 11, 7.5, 12], "texture": "#0"},
				"south": {"uv": [7.5, 11, 8.5, 12], "texture": "#0"},
				"west": {"uv": [11, 7.5, 12, 8.5], "texture": "#0"},
				"up": {"uv": [9.5, 12, 8.5, 11], "texture": "#0"},
				"down": {"uv": [12, 8.5, 11, 9.5], "texture": "#0"}
			}
		},
		{
			"from": [2.67157, 10.32843, 7],
			"to": [13.67157, 12.32843, 9],
			"rotation": {"angle": 0, "axis": "z", "origin": [8.17157, 20.32843, 8]},
			"faces": {
				"north": {"uv": [0, 5.5, 5.5, 6.5], "texture": "#0"},
				"east": {"uv": [11, 9.5, 12, 10.5], "texture": "#0"},
				"south": {"uv": [5.5, 5.5, 11, 6.5], "texture": "#0"},
				"west": {"uv": [11, 10.5, 12, 11.5], "texture": "#0"},
				"up": {"uv": [11.5, 1, 6, 0], "texture": "#0"},
				"down": {"uv": [11.5, 1, 6, 2], "texture": "#0"}
			}
		},
		{
			"from": [-1.32843, 14.32843, 7],
			"to": [1.67157, 16.32843, 9],
			"rotation": {"angle": -45, "axis": "z", "origin": [-2.32843, 11.32843, 8]},
			"faces": {
				"north": {"uv": [9.5, 7.5, 11, 8.5], "texture": "#0"},
				"east": {"uv": [11.5, 0, 12.5, 1], "texture": "#0"},
				"south": {"uv": [9.5, 8.5, 11, 9.5], "texture": "#0"},
				"west": {"uv": [11.5, 1, 12.5, 2], "texture": "#0"},
				"up": {"uv": [11, 10.5, 9.5, 9.5], "texture": "#0"},
				"down": {"uv": [11.5, 4, 10, 5], "texture": "#0"}
			}
		},
		{
			"from": [15.67157, 17.32843, 7],
			"to": [18.67157, 19.32843, 9],
			"rotation": {"angle": 45, "axis": "z", "origin": [22.67157, 11.32843, 8]},
			"faces": {
				"north": {"uv": [8, 10, 9.5, 11], "texture": "#0"},
				"east": {"uv": [11.5, 4, 12.5, 5], "texture": "#0"},
				"south": {"uv": [10.5, 6.5, 12, 7.5], "texture": "#0"},
				"west": {"uv": [9.5, 11.5, 10.5, 12.5], "texture": "#0"},
				"up": {"uv": [11, 11.5, 9.5, 10.5], "texture": "#0"},
				"down": {"uv": [1.5, 11, 0, 12], "texture": "#0"}
			}
		}
	],
	"display": {
		"thirdperson_righthand": {
			"rotation": [0, 91, 0],
			"scale": [0.49, 0.49, 1]
		},
		"thirdperson_lefthand": {
			"rotation": [0, 91, 0],
			"scale": [0.49, 0.49, 1]
		},
		"firstperson_righthand": {
			"rotation": [0, 91, 0],
			"scale": [0.49, 0.49, 1]
		},
		"firstperson_lefthand": {
			"rotation": [0, 91, 0],
			"scale": [0.49, 0.49, 1]
		},
		"ground": {
			"rotation": [83.32, 0.84, -106.04],
			"translation": [0, -3.75, 0],
			"scale": [0.49, 0.49, 1]
		},
		"gui": {
			"rotation": [0, 0, -38],
			"translation": [-1.25, -1.75, 0],
			"scale": [0.49, 0.49, 1]
		},
		"head": {
			"translation": [0, 11.5, 0],
			"scale": [0.49, 0.49, 1]
		},
		"fixed": {
			"rotation": [0, 0, 49.75],
			"translation": [1, -1.5, 0],
			"scale": [0.49, 0.49, 1]
		}
	},
	"groups": [
		{
			"name": "sword",
			"origin": [8, 8, 8],
			"color": 0,
			"children": [0, 1, 2, 3, 4, 5, 6, 7, 8, 9]
		}
	]
}