{
	"credit": "Made with Blockbench",
	"texture_size": [64, 64],
	"textures": {
		"0": "item/custom_textures/wandtexture",
		"particle": "item/custom_textures/wandtexture"
	},
	"elements": [
		{
			"from": [8, -16, 7],
			"to": [10, 8, 9],
			"faces": {
				"north": {"uv": [0, 0, 0.5, 6], "texture": "#0"},
				"east": {"uv": [0.5, 0, 1, 6], "texture": "#0"},
				"south": {"uv": [1, 0, 1.5, 6], "texture": "#0"},
				"west": {"uv": [1.5, 0, 2, 6], "texture": "#0"},
				"up": {"uv": [7.75, 0.5, 7.25, 0], "texture": "#0"},
				"down": {"uv": [7.75, 0.5, 7.25, 1], "texture": "#0"}
			}
		},
		{
			"from": [8, 8, 7],
			"to": [10, 23, 9],
			"faces": {
				"north": {"uv": [2, 0, 2.5, 3.75], "texture": "#0"},
				"east": {"uv": [2.5, 0, 3, 3.75], "texture": "#0"},
				"south": {"uv": [3, 0, 3.5, 3.75], "texture": "#0"},
				"west": {"uv": [3.5, 0, 4, 3.75], "texture": "#0"},
				"up": {"uv": [7.75, 1.5, 7.25, 1], "texture": "#0"},
				"down": {"uv": [3.5, 7.25, 3, 7.75], "texture": "#0"}
			}
		},
		{
			"from": [2.5, 14.5, 7],
			"to": [15.5, 16.5, 9],
			"rotation": {"angle": 0, "axis": "y", "origin": [9, 15.5, 8]},
			"faces": {
				"north": {"uv": [2, 3.75, 5.25, 4.25], "texture": "#0"},
				"east": {"uv": [3.5, 7.25, 4, 7.75], "texture": "#0"},
				"south": {"uv": [4, 0, 7.25, 0.5], "texture": "#0"},
				"west": {"uv": [4, 7.25, 4.5, 7.75], "texture": "#0"},
				"up": {"uv": [7.25, 1, 4, 0.5], "texture": "#0"},
				"down": {"uv": [7.25, 1, 4, 1.5], "texture": "#0"}
			}
		},
		{
			"from": [7, 13, 6],
			"to": [11, 17, 10],
			"rotation": {"angle": -45, "axis": "z", "origin": [9, 15, 8]},
			"faces": {
				"north": {"uv": [6.5, 5.25, 7.5, 6.25], "texture": "#0"},
				"east": {"uv": [0, 6.75, 1, 7.75], "texture": "#0"},
				"south": {"uv": [1, 6.75, 2, 7.75], "texture": "#0"},
				"west": {"uv": [6.75, 1.5, 7.75, 2.5], "texture": "#0"},
				"up": {"uv": [3, 7.75, 2, 6.75], "texture": "#0"},
				"down": {"uv": [7.75, 2.5, 6.75, 3.5], "texture": "#0"}
			}
		},
		{
			"from": [8, 14, 5],
			"to": [10, 16, 11],
			"rotation": {"angle": -45, "axis": "z", "origin": [9, 15, 8]},
			"faces": {
				"north": {"uv": [4.5, 7.25, 5, 7.75], "texture": "#0"},
				"east": {"uv": [3, 6.75, 4.5, 7.25], "texture": "#0"},
				"south": {"uv": [5, 7.25, 5.5, 7.75], "texture": "#0"},
				"west": {"uv": [4.5, 6.75, 6, 7.25], "texture": "#0"},
				"up": {"uv": [6.5, 8.25, 6, 6.75], "texture": "#0"},
				"down": {"uv": [7.25, 6.25, 6.75, 7.75], "texture": "#0"}
			}
		},
		{
			"from": [12.12132, 7.87868, 7],
			"to": [21.12132, 9.87868, 9],
			"rotation": {"angle": 45, "axis": "z", "origin": [12.12132, 4.87868, 8]},
			"faces": {
				"north": {"uv": [2, 5.25, 4.25, 5.75], "texture": "#0"},
				"east": {"uv": [5.5, 7.25, 6, 7.75], "texture": "#0"},
				"south": {"uv": [5.25, 3.5, 7.5, 4], "texture": "#0"},
				"west": {"uv": [7.25, 6.25, 7.75, 6.75], "texture": "#0"},
				"up": {"uv": [6.5, 5.75, 4.25, 5.25], "texture": "#0"},
				"down": {"uv": [4.25, 5.75, 2, 6.25], "texture": "#0"}
			}
		},
		{
			"from": [11.24264, 18.17157, 7],
			"to": [22.24264, 20.17157, 9],
			"rotation": {"angle": 45, "axis": "z", "origin": [12.24264, 4.17157, 8]},
			"faces": {
				"north": {"uv": [4, 1.5, 6.75, 2], "texture": "#0"},
				"east": {"uv": [7.25, 6.75, 7.75, 7.25], "texture": "#0"},
				"south": {"uv": [4, 2, 6.75, 2.5], "texture": "#0"},
				"west": {"uv": [7.25, 7.25, 7.75, 7.75], "texture": "#0"},
				"up": {"uv": [6.75, 3, 4, 2.5], "texture": "#0"},
				"down": {"uv": [6.75, 3, 4, 3.5], "texture": "#0"}
			}
		},
		{
			"from": [-5.97487, 6.98959, 7],
			"to": [3.02513, 8.98959, 9],
			"rotation": {"angle": -45, "axis": "z", "origin": [5.52513, 0.98959, 8]},
			"faces": {
				"north": {"uv": [4.25, 5.75, 6.5, 6.25], "texture": "#0"},
				"east": {"uv": [7.5, 3.5, 8, 4], "texture": "#0"},
				"south": {"uv": [0, 6.25, 2.25, 6.75], "texture": "#0"},
				"west": {"uv": [7.5, 4, 8, 4.5], "texture": "#0"},
				"up": {"uv": [4.5, 6.75, 2.25, 6.25], "texture": "#0"},
				"down": {"uv": [6.75, 6.25, 4.5, 6.75], "texture": "#0"}
			}
		},
		{
			"from": [-8.09619, 16.86827, 7],
			"to": [2.90381, 18.86827, 9],
			"rotation": {"angle": -45, "axis": "z", "origin": [5.40381, -1.13173, 8]},
			"faces": {
				"north": {"uv": [2, 4.25, 4.75, 4.75], "texture": "#0"},
				"east": {"uv": [7.5, 4.5, 8, 5], "texture": "#0"},
				"south": {"uv": [2, 4.75, 4.75, 5.25], "texture": "#0"},
				"west": {"uv": [7.5, 5, 8, 5.5], "texture": "#0"},
				"up": {"uv": [7.5, 4.75, 4.75, 4.25], "texture": "#0"},
				"down": {"uv": [7.5, 4.75, 4.75, 5.25], "texture": "#0"}
			}
		}
	],
	"display": {
		"thirdperson_righthand": {
			"rotation": [0, 79, 0],
			"translation": [0, 2, 0],
			"scale": [0.49, 0.49, 0.48]
		},
		"thirdperson_lefthand": {
			"rotation": [0, 79, 0],
			"translation": [0, 2, 0],
			"scale": [0.49, 0.49, 0.49]
		},
		"firstperson_righthand": {
			"rotation": [0, 79, 0],
			"translation": [0, 2, 0],
			"scale": [0.49, 0.49, 0.49]
		},
		"firstperson_lefthand": {
			"rotation": [0, 79, 0],
			"translation": [0, 2, 0],
			"scale": [0.49, 0.49, 0.49]
		},
		"ground": {
			"rotation": [-62.78, 26.97, -42.84],
			"translation": [0, -2.25, -2.75],
			"scale": [0.49, 0.49, 0.49]
		},
		"gui": {
			"rotation": [0, 0, -42],
			"translation": [1.25, 2, 0],
			"scale": [0.49, 0.49, 0.49]
		},
		"head": {
			"rotation": [170.15, -88.22, 34.4],
			"translation": [-7, -34.25, 3.25],
			"scale": [0.49, 0.49, 0.49]
		},
		"fixed": {
			"rotation": [0, 0, 48.75],
			"translation": [-1.75, 1.25, 0],
			"scale": [0.49, 0.49, 0.49]
		}
	},
	"groups": [
		{
			"name": "wand",
			"origin": [8, 8, 8],
			"color": 0,
			"children": [0, 1, 2, 3, 4, 5, 6, 7, 8]
		}
	]
}